customer_id,customer_name,city,country,signup_date
1,Aryan Maharaj,Bengaluru,India,07-11-2024
2,Harsh Chahal,Hyderabad,India,17-07-2025
3,Ayushman Chander,Pune,India,18-10-2024
4,Rushil Saini,Mumbai,India,20-10-2024
5,Abeer Dutta,Mumbai,India,04-10-2025
6,Arunima Dugal,Chennai,India,16-10-2024
7,Harsh Chanda,Bengaluru,India,13-02-2025
8,Hemangini Lalla,Bengaluru,India,23-12-2025
9,Jeet Radhakrishnan,Kolkata,India,08-07-2024
10,Janaki Handa,Hyderabad,India,09-10-2025
11,Vedant Mann,Hyderabad,India,02-05-2026
12,Harrison Rai,Bengaluru,India,01-12-2024
13,Nicholas Prabhakar,Mumbai,India,26-01-2025
14,Ekbal Garg,Mumbai,India,06-06-2025
15,Nihal Shere,Hyderabad,India,13-02-2025
16,Ekta Bhalla,Mumbai,India,26-10-2024
17,Diya Rattan,Kolkata,India,23-11-2024
18,Divya Kala,Mumbai,India,03-09-2025
19,Tara Dhar,Ahmedabad,India,21-11-2024
20,Adya Sangha,Pune,India,27-02-2026
21,Janaki Kanda,Hyderabad,India,11-05-2026
22,Yashodhara Tak,Chennai,India,17-07-2024
23,Imaran Dua,Kolkata,India,13-08-2025
24,Devansh Rajan,Delhi,India,14-02-2025
25,Zayan Apte,Pune,India,21-09-2025
26,Amara Oak,Chennai,India,01-08-2024
27,Nakul Setty,Mumbai,India,14-05-2024
28,Xiti Gokhale,Delhi,India,18-05-2025
29,Chanchal Tripathi,Bengaluru,India,31-07-2025
30,Kashvi Edwin,Bengaluru,India,10-06-2025
31,Ekiya Suresh,Kolkata,India,26-05-2024
32,Damyanti Khatri,Bengaluru,India,23-06-2024
33,Frederick Sunder,Delhi,India,29-12-2025
34,Kabir Soman,Delhi,India,04-04-2026
35,Alka Wable,Pune,India,08-02-2026
36,Siddharth Zacharia,Hyderabad,India,15-11-2025
37,Devika Rastogi,Ahmedabad,India,09-05-2026
38,Raksha Varughese,Bengaluru,India,07-04-2025
39,Umang Bhatt,Kolkata,India,14-01-2025
40,Thomas Amble,Bengaluru,India,02-07-2024
41,Veer Bir,Pune,India,04-03-2026
42,Ekavir Varkey,Delhi,India,01-11-2024
43,Tanish Zacharia,Mumbai,India,16-08-2024
44,Xavier Solanki,Bengaluru,India,23-12-2025
45,Girindra Chatterjee,Hyderabad,India,05-09-2025
46,Pallavi Roy,Mumbai,India,18-04-2025
47,Guneet Bhat,Pune,India,02-03-2025
48,Ikbal Kothari,Bengaluru,India,29-09-2024
49,Logan Sami,Mumbai,India,23-09-2024
50,Zaid Borra,Bengaluru,India,31-03-2025
51,Chandresh Zachariah,Kolkata,India,13-01-2026
52,Warjas Ganesan,Pune,India,05-03-2025
53,Tanay Rattan,Ahmedabad,India,02-03-2026
54,Ladli Agate,Delhi,India,02-05-2026
55,Suhani Mangal,Chennai,India,17-03-2025
56,Mohammed Gupta,Delhi,India,14-12-2024
57,Darsh Murthy,Delhi,India,22-06-2024
58,Yadavi Wali,Mumbai,India,04-09-2024
59,Quincy Biswas,Pune,India,20-07-2025
60,Netra Dar,Bengaluru,India,31-03-2026
61,Balveer Bumb,Chennai,India,14-03-2025
62,Advika Jayaraman,Mumbai,India,13-09-2025
63,William Lanka,Chennai,India,25-02-2025
64,Tanvi Mutti,Ahmedabad,India,22-03-2026
65,Aditya Shanker,Kolkata,India,09-08-2025
66,Ethan Yogi,Pune,India,14-10-2024
67,Kevin Palla,Mumbai,India,14-02-2026
68,Kala Mane,Delhi,India,04-09-2024
69,Abhiram Mistry,Hyderabad,India,24-03-2026
70,Krish Lalla,Mumbai,India,04-08-2024
71,Nachiket Magar,Hyderabad,India,03-12-2024
72,Hemal Jani,Delhi,India,26-09-2025
73,Yashasvi Suresh,Kolkata,India,11-11-2024
74,George Sampath,Pune,India,08-01-2026
75,Aarush Nath,Bengaluru,India,26-11-2025
76,Neel Sathe,Mumbai,India,19-06-2025
77,Aditya Choudhury,Delhi,India,06-07-2024
78,Balendra Pingle,Mumbai,India,11-07-2025
79,Qushi Datta,Ahmedabad,India,11-06-2024
80,Balveer Parmar,Kolkata,India,12-10-2024
81,Harshil Pandya,Ahmedabad,India,03-12-2025
82,Mohammed Khalsa,Chennai,India,03-02-2026
83,Nitara Bakshi,Pune,India,20-09-2024
84,Nisha Kothari,Chennai,India,23-11-2024
85,Lavanya Barad,Mumbai,India,29-01-2026
86,Ryan Sharma,Pune,India,22-01-2025
87,Udant Bajwa,Kolkata,India,06-09-2025
88,Falguni Mallick,Kolkata,India,02-02-2026
89,Indali Upadhyay,Delhi,India,28-02-2025
90,Ayaan D’Alia,Mumbai,India,12-02-2026
91,Pranav Lanka,Chennai,India,08-06-2024
92,Hemani Murthy,Ahmedabad,India,27-03-2025
93,Lekha Gupta,Bengaluru,India,14-11-2024
94,Aarav Venkatesh,Hyderabad,India,19-03-2026
95,Januja Sankar,Bengaluru,India,02-07-2024
96,Dipta Dash,Chennai,India,20-10-2025
97,Yashica More,Chennai,India,11-09-2025
98,Neha Merchant,Kolkata,India,21-06-2025
99,Osha Raghavan,Bengaluru,India,19-09-2025
100,Charvi Ravi,Kolkata,India,16-06-2025
